From\To,dongdaemun,dongdaemoon,동대문,东大门,東大門,myeongdong,myungdong,명동,明洞,明洞
incheon airport,1.搭乘地铁或AREX直达列车至首尔站再转乘地铁4号线,1.搭乘地铁或AREX直达列车至首尔站再转乘地铁4号线,1.搭乘地铁或AREX直达列车至首尔站再转乘地铁4号线,1.搭乘地铁或AREX直达列车至首尔站再转乘地铁4号线,1.搭乘地铁或AREX直达列车至首尔站再转乘地铁4号线,1.搭乘地铁或AREX直达列车至首尔站再转乘地铁4号线,1.搭乘地铁或AREX直达列车至首尔站再转乘地铁4号线,1.搭乘地铁或AREX直达列车至首尔站再转乘地铁4号线,1.搭乘地铁或AREX直达列车至首尔站再转乘地铁4号线,1.搭乘地铁或AREX直达列车至首尔站再转乘地铁4号线
인천공항,2.搭乘机场巴士6001或6015,2.搭乘机场巴士6001或6015,2.搭乘机场巴士6001或6015,2.搭乘机场巴士6001或6015,2.搭乘机场巴士6001或6015,2.搭乘机场巴士6001或6015,2.搭乘机场巴士6001或6015,2.搭乘机场巴士6001或6015,2.搭乘机场巴士6001或6015,2.搭乘机场巴士6001或6015
인천 공항,1.搭乘地铁或AREX直达列车至首尔站再转乘地铁4号线,1.搭乘地铁或AREX直达列车至首尔站再转乘地铁4号线,1.搭乘地铁或AREX直达列车至首尔站再转乘地铁4号线,1.搭乘地铁或AREX直达列车至首尔站再转乘地铁4号线,1.搭乘地铁或AREX直达列车至首尔站再转乘地铁4号线,1.搭乘地铁或AREX直达列车至首尔站再转乘地铁4号线,1.搭乘地铁或AREX直达列车至首尔站再转乘地铁4号线,1.搭乘地铁或AREX直达列车至首尔站再转乘地铁4号线,1.搭乘地铁或AREX直达列车至首尔站再转乘地铁4号线,1.搭乘地铁或AREX直达列车至首尔站再转乘地铁4号线
인천 airport,2.搭乘机场巴士6001或6015,2.搭乘机场巴士6001或6015,2.搭乘机场巴士6001或6015,2.搭乘机场巴士6001或6015,2.搭乘机场巴士6001或6015,2.搭乘机场巴士6001或6015,2.搭乘机场巴士6001或6015,2.搭乘机场巴士6001或6015,2.搭乘机场巴士6001或6015,2.搭乘机场巴士6001或6015
仁川机场,1.搭乘地铁或AREX直达列车至首尔站再转乘地铁4号线,1.搭乘地铁或AREX直达列车至首尔站再转乘地铁4号线,1.搭乘地铁或AREX直达列车至首尔站再转乘地铁4号线,1.搭乘地铁或AREX直达列车至首尔站再转乘地铁4号线,1.搭乘地铁或AREX直达列车至首尔站再转乘地铁4号线,1.搭乘地铁或AREX直达列车至首尔站再转乘地铁4号线,1.搭乘地铁或AREX直达列车至首尔站再转乘地铁4号线,1.搭乘地铁或AREX直达列车至首尔站再转乘地铁4号线,1.搭乘地铁或AREX直达列车至首尔站再转乘地铁4号线,1.搭乘地铁或AREX直达列车至首尔站再转乘地铁4号线
仁川機場,2.搭乘机场巴士6001或6015,2.搭乘机场巴士6001或6015,2.搭乘机场巴士6001或6015,2.搭乘机场巴士6001或6015,2.搭乘机场巴士6001或6015,2.搭乘机场巴士6001或6015,2.搭乘机场巴士6001或6015,2.搭乘机场巴士6001或6015,2.搭乘机场巴士6001或6015,2.搭乘机场巴士6001或6015
,,,,,,,,,,
,,,,,,,,,,
,,,,,,,,,,
,,,,,,,,,,
,,,,,,,,,,
,,,,,,,,,,
,,,,,,,,,,
,,,,,,,,,,
,,,,,,,,,,
,,,,,,,,,,
,,,,,,,,,,
,,,,,,,,,,
,,,,,,,,,,
,,,,,,,,,,
,,,,,,,,,,
,,,,,,,,,,
,,,,,,,,,,